{
    "arbitrum": {
      "tokenHolders": {
        "alUSDAlchemist": "0xb46eE2E4165F629b4aBCE04B7Eb4237f951AC66F",
        "alUSDTransmuterBuffer": "0x00E33722ba54545667E76a18CE9D544130eEAbcC",
        "alUSDTransmuter": "0xe7ec71B894583E9C1b07873fA86A7e81f3940eA8",
        "alETHAlchemist": "0x654e16a0b161b150F5d1C8a5ba6E7A7B7760703A",
        "alETHTransmuterBuffer": "0xECAd08EE07f1AA87f3E080997eBa6d02d28bb9D2",
        "alETHTransmuter": "0x1EB7D78d7f6D73e5de67Fa62Fd8b55c54Aa9c0D4"
      },
      "underlyingTokens": {
        "USDC": "0xaf88d065e77c8cC2239327C5EDb3A432268e5831",
        "WETH": "0x82aF49447D8a07e3bd95BD0d56f35241523fBab1",
        "wstETH": "0x5979D7b546E38E414F7E9822514be443A4800529"
      },
      "yvTokens": {
        "aUSDC": "0x248a431116c6f6FCD5Fe1097d16d0597E24100f5"
      },
      "cvxLPpools": {
        "crAMM-FRAX-alUSD": {
          "poolAddress":  "0x43fbf34df6da5fC66E15E023D3b690Fd0dE33cD7",
          "holder": "0x7e108711771DfdB10743F016D46d75A9379cA043",
          "tokenAddress": "0xfd599DB360Cd9713657C95dF66650A427d213010",
          "alToken": "0xCB8FA9a76b8e203D8C3797bF438d8FB81Ea3326A"
        },
        "crAMM-GRAI-alUSD": {
          "poolAddress": "0x72B6594a0c8D9eE9725ce780f87F9E00615D4b10",
          "holder": "0x7e108711771DfdB10743F016D46d75A9379cA043",
          "tokenAddress": "0x510a496b2443ba52A3B269Fee5A241a4ED4cCA58",
          "alToken": "0xCB8FA9a76b8e203D8C3797bF438d8FB81Ea3326A"
        },
        "crAMM-alETH-frxETH": {
          "poolAddress": "0xC3f26d2Fa16129a8d4A5A0f94D25F2cdd9005CDb",
          "holder": "0x7e108711771DfdB10743F016D46d75A9379cA043",
          "tokenAddress": "0xfB4fE921F724f3C7B610a826c827F9F6eCEf6886",
          "alToken": "0x17573150d67d820542EFb24210371545a4868B03"
        }
      }
    },
    "fantom": {
      "tokenHolders": {
        "alUSDAlchemist": "0x76b2E3c5a183970AAAD2A48cF6Ae79E3e16D3A0E",
        "alUSDTransmuterBuffer": "0x5a07d36D1f543960EE7806d35827E995539Fe5CF"
      },
      "underlyingTokens": {
        "DAI": "0x8D11eC38a3EB5E956B052f67Da8Bdc9bef8Abf3E",
        "USDC": "0x04068DA6C83AFCFA0e13ba15A6696662335D5B75",
        "fUSDT": "0x049d68029688eAbF473097a2fC38ef61633A3C7A"
      },
      "yvTokens": {
        "yvDAI": "0x637ec617c86d24e421328e6caea1d92114892439",
        "yvUSDC": "0xef0210eb96c7eb36af8ed1c20306462764935607", 
        "yvUSDT": "0x148c05caf1bb09b5670f00d511718f733c54bc4c"
      }
    },
    "optimism": {
      "tokenHolders": {
        "alUSDAlchemist": "0x10294d57a419c8eb78c648372c5baa27fd1484af",
        "alUSDTransmuterBuffer": "0xe99a9a717c60f9639b235ede422c27d60fbeb3b9",
        "alETHAlchemist": "0xe04Bb5B4de60FA2fBa69a93adE13A8B3B569d5B4",
        "alETHTransmuter": "0x7f50923ee8e2bc3596a63998495baf2948a28f68"
      },
      "underlyingTokens": {
        "DAI": "0xDA10009cBd5D07dd0CeCc66161FC93D7c9000da1",
        "USDC": "0x7F5c764cBc14f9669B88837ca1490cCa17c31607",
        "USDT": "0x94b008aA00579c1307B0EF2c499aD98a8ce58e58",
        "WETH": "0x4200000000000000000000000000000000000006",
        "wstETH": "0x1F32b1c2345538c0c6f582fCB022739c4A194Ebb"
      },
      "yvTokens": {
        "aDAI": "0x43A502D7e947c8A2eBBaf7627E104Ddcc253aBc6",
        "aUSDC": "0x4186Eb285b1efdf372AC5896a08C346c7E373cC4", 
        "aUSDT": "0x2680b58945A31602E4B6122C965c2849Eb76Dd3B",
        "aWETH": "0x337B4B933d60F40CB57DD19AE834Af103F049810",
        "ysUSDC": "0x059Eaa296B18E0d954632c8242dDb4a271175EeD",
        "ysDAI": "0x0A86aDbF58424EE2e304b395aF0697E850730eCD",
        "ysWETH": "0xE62DDa84e579e6A37296bCFC74c97349D2C59ce3"
      },
      "cvxLPpools": {
        "aAMM-USDC-alUSD": {
          "poolAddress":  "0xE8b219c285e4e4ec28ac80Fdc4b9739b18cB8890",
          "holder": "0xb29617209961DB995dD30a4AB94BA0034A4284f9",
          "tokenAddress": "0x124D69DaeDA338b1b31fFC8e429e39c9A991164e",
          "alToken": "0xCB8FA9a76b8e203D8C3797bF438d8FB81Ea3326A"
        },
        "sAMM-DOLA-alUSD": {
          "poolAddress": "0x13bAeC9C12544066a7918efc3D8b626dBbFE1615",
          "holder": "0xb29617209961DB995dD30a4AB94BA0034A4284f9",
          "tokenAddress": "0x67C253eB6C2e69F9E1114aEeAD0DB4FA8F417AC3",
          "alToken": "0xCB8FA9a76b8e203D8C3797bF438d8FB81Ea3326A"
        },
        "sAMM-FRAX-alUSD": {
          "poolAddress": "0xA8E0754dd8Ef3700Ac8478Fdb8d4B8473de3817C",
          "holder": "0xb29617209961DB995dD30a4AB94BA0034A4284f9",
          "tokenAddress": "0xaF03f51DE7a0E62BF061F6Fc3931cF79166B0a29",
          "alToken": "0xCB8FA9a76b8e203D8C3797bF438d8FB81Ea3326A"
        },
        "sAMM-alUSD-MAI": {
          "poolAddress": "0xA688080CA069231C6D5713CD009662Ea54437A02",
          "holder": "0xb29617209961DB995dD30a4AB94BA0034A4284f9",
          "tokenAddress": "0xfA09479d72E2b3f8B6dF63399772237Ad6658D76",
          "alToken": "0xCB8FA9a76b8e203D8C3797bF438d8FB81Ea3326A"
        },
        "vAMM-OP-alUSD": {
          "poolAddress": "0x6101236Fd0E04427952799323D89B99BE0eab52f",
          "holder": "0xb29617209961DB995dD30a4AB94BA0034A4284f9",
          "tokenAddress": "0x60BE3FB22DDF30C17604b86eC005F6173B1170Aa",
          "alToken": "0xCB8FA9a76b8e203D8C3797bF438d8FB81Ea3326A"
        },
        "sAMMM-USDC.e-alUSD": {
          "poolAddress": "0x4d7959d17B9710BE87e3657e69d946914221BB88",
          "holder": "0xb29617209961DB995dD30a4AB94BA0034A4284f9",
          "tokenAddress": "0x4d7959d17B9710BE87e3657e69d946914221BB88",
          "alToken": "0xCB8FA9a76b8e203D8C3797bF438d8FB81Ea3326A"
        },
        "sAMM-alETH-WETH": {
          "poolAddress": "0xc16adBf2d01d6524B79CbB610cE31d5db80eee3C",
          "holder": "0xb29617209961DB995dD30a4AB94BA0034A4284f9",
          "tokenAddress": "0xa1055762336F92b4B8d2eDC032A0Ce45ead6280a",
          "alToken": "0x3E29D3A9316dAB217754d13b28646B76607c5f04"
        },
        "sAMM-alETH-frxETH": {
          "poolAddress": "0xFc0B9A9C2b63E6ACACa91A77A80bfa83C615e6C5",
          "holder": "0xb29617209961DB995dD30a4AB94BA0034A4284f9",
          "tokenAddress": "0x1AD06Ca54de04DBe9e2817F4C13eCB406DCbeAf0",
          "alToken": "0x3E29D3A9316dAB217754d13b28646B76607c5f04"
        },
        "vAMM-alETH-OP": {
          "poolAddress": "0xB715D27CCe97e869Cff840072ce1Eab1d982791E",
          "holder": "0xb29617209961DB995dD30a4AB94BA0034A4284f9",
          "tokenAddress": "0xA5EDb0EF932f7c2f37B8FC75CB01948F6258a4f8",
          "alToken": "0x3E29D3A9316dAB217754d13b28646B76607c5f04"
        }
      }
    },
    "ethereum": {
      "tokenHolders": {
        "alUSDAlchemist": "0x5C6374a2ac4EBC38DeA0Fc1F8716e5Ea1AdD94dd",
        "alETHAlchemist": "0x062Bf725dC4cDF947aa79Ca2aaCCD4F385b13b5c",
        "alUSDAMO": "0x9735f7d3ea56b454b24ffd74c58e9bd85cfad31b",
        "alETHAMO": "0xe761bf731a06fe8259fee05897b2687d56933110",
        "USDTransmuterB": "0xeE69BD81Bd056339368c97c4B2837B4Dc4b796E7",
        "USDYearnVaultAdapter": "0xb039eA6153c827e59b620bDCd974F7bbFe68214A",
        "USDYearnVaultAdapterTransmuterB": "0x6Fe02BE0EC79dCF582cBDB936D7037d2eB17F661",
        "ETHTransmuter": "0x9FD9946E526357B35D95Bcb4b388614be4cFd4AC",
        "ETHAlchemist": "0xf8317BD5F48B6fE608a52B48C856D3367540B73B",
        "ETHYearnVaultAdapter": "0x546E6711032Ec744A7708D4b7b283A210a85B3BC",
        "ETHYearnVaultAdapterB": "0x6d75657771256C7a8CB4d475fDf5047B70160132",
        "WETHMigration": "0xb4E7cc74e004F95AEe7565a97Dbfdea9c1761b24",
        "DAIMigration": "0x72A7cb4d5daB8E9Ba23f30DBE8E72Bc854a9945A"
      },
      "underlyingTokens": {
        "DAI": "0x6B175474E89094C44Da98b954EedeAC495271d0F",
        "USDC": "0xA0b86991c6218b36c1d19D4a2e9Eb0cE3606eB48",
        "USDT": "0xdAC17F958D2ee523a2206206994597C13D831ec7",
        "wstETH": "0x7f39C581F595B53c5cb19bD0b3f8dA6c935E2Ca0",
        "rETH": "0xae78736Cd615f374D3085123A210448E74Fc6393",
        "WETH": "0xC02aaA39b223FE8D0A0e5C4F27eAD9083C756Cc2",
        "FRAX": "0x853d955aCEf822Db058eb8505911ED77F175b99e",
        "sfrxETH": "0xac3E018457B222d93114458476f3E3416Abbe38F"
      },
      "yvTokens": {
        "yvDAI": "0xda816459f1ab5631232fe5e97a05bbbb94970c95",
        "yvUSDC": "0xa354f35829ae975e850e23e9615b11da1b3dc4de", 
        "yvUSDT": "0x7da96a3891add058ada2e826306d812c638d87a7",
        "yvWETH": "0xa258c4606ca8206d8aa700ce2143d7db854d168c",
        "aDAI": "0xcE4a49d7ed99C7c8746B713EE2f0C9aA631688d8",
        "aUSDC": "0xf591D878608e2e5c7D4f1E499330f4AB9BbaE37a",
        "aUSDT": "0xBC11De1F20e83F0a6889B8c7A7868E722694E315",
        "vaUSDC": "0xa8b607Aa09B6A2E306F93e74c282Fb13f6A80452",
        "vaDAI": "0x0538C8bAc84E95A9dF8aC10Aad17DbE81b9E36ee",
        "vaFRAX": "0xc14900dFB1Aa54e7674e1eCf9ce02b3b35157ba5",
        "aFRAX": "0x318334A6dD21d16A8442aB0b7204E81Aa3FB416E",
        "aWETH": "0x61134511187a9a2DF38D10DBe07Ba2e8E5563967",
        "vaETH": "0xd1C117319B3595fbc39b471AB1fd485629eb05F2"
      },
      "staking": {
          "token": "0xdBdb4d16EdA451D0503b854CF79D55697F90c8DF",
          "holder": "0xAB8e74017a8Cc7c15FFcCd726603790d26d7DeCa"
      }
    },
    "cvxLPpools": {
      "alUSD+FRAXBP": {
        "poolAddress":  "0x26598e3E511ADFadefD70ab2C3475Ff741741104",
        "holder": "0x06378717d86B8cd2DBa58c87383dA1EDA92d3495",
        "tokenAddress": "0xb30da2376f63de30b42dc055c93fa474f31330a5",
        "alToken": "0xBC6DA0FE9aD5f3b0d58160288917AA56653660E9"
      },
      "alUSD-3CRV": {
        "poolAddress":  "0x02E2151D4F351881017ABdF2DD2b51150841d5B3",
        "holder": "0x9735f7d3ea56b454b24ffd74c58e9bd85cfad31b",
        "tokenAddress": "0x43b4fdfd4ff969587185cdb6f0bd875c5fc83f8c",
        "alToken": "0xBC6DA0FE9aD5f3b0d58160288917AA56653660E9"
      },
      "alETH-ETH": {
        "poolAddress":  "0x48Bc302d8295FeA1f8c3e7F57D4dDC9981FEE410",
        "holder": "0xe761bf731a06fe8259fee05897b2687d56933110",
        "tokenAddress": "0xc4c319e2d4d66cca4464c0c2b32c9bd23ebe784e",
        "alToken": "0x0100546F2cD4C9D97f798fFC9755E47865FF7Ee6"
      }
    }
  }